Material Number,Material Name,has Manufacturer,Material Description,Total Available Inventory,Material Unit Price,has Material Class,Min Material Unit Price,Max Material Unit Price,Price Ratio Compared to Max,Price Ratio Compared to Min
135,POWER SUPPLY 50W TAYLOR P/N 76-0700-018,100075,POWER SUPPLY/UNIVERSAL AC ADAPTOR 50WTAYLOR P/N 76-0700-018 ITEM NO. 851-082-103 USED FOR TRANSCORE ENCOMPASS PISTOL GRIP SCANNER  AND HAND HELD COMPUTERBATTERY CHARGER AC CONNECTION.,242,$22.60,C855117521,$17.60,$23.20,-0.03,0.22
136,ADAPTOR BUS BAR 8US1251-5DM07,100069,ADAPTOR BUS BAR 8US1251-5DM07  FOR FEEDING MSP + CONTAC,152,$17.60,C855117521,$17.60,$23.20,-0.24,0
137,ADAPTER HEATER PN 4026401 ITEM NO 1,100055,ADAPTER HEATER PN 4026401 ITEM NO 1  ON PTI TWIN EXTRUDER 2C170HTS SYS DRWNG  72600705 BARRELL SECTION,158,$22.20,C855117521,$17.60,$23.20,-0.04,0.21
138,ADAPTER HEATER PN 4026403 ITEM NO.,100055,ADAPTER HEATER PN 4026403 ITEM NO.  ON PTI TWIN EXTRUDER 2C170 HTS SYS DRWNG  NO 72600705 BARRELL SECTION,234,$17.80,C855117521,$17.60,$23.20,-0.23,0.01
139,ADAPTER HEATER PTI PN 4031074 ZONE,100055,ADAPTER HEATER PTI PN 4031074 ZONE  13 TOTAL OF ONE (1) HEATER ADAPTER  PN 4031074 REQUIRED FOR STAPLE SPIN  EXTRUDER SN 16413,216,$22.20,C855117521,$17.60,$23.20,-0.04,0.21
140,ADAPTER HEATER PN 4026402 ITEM NO.,100055,"ADAPTER HEATER PN 4026402 ITEM NO.  ON PTI TWIN EXTRUDER 2C170HTS SYS DRWNG  72600705, BARRELL SECTION.",253,$20.80,C855117521,$17.60,$23.20,-0.1,0.15
141,SOURCE POINT ADAPTer BERTHOLD 18267-33,100007,"SOURCE, POINT, ADAPT. CO-60 370 MBQ  (10 MCI) 2602-100, BERTHOLD  P/N 18267-33, FOR CPS3 R1,R2,R3",113,$23.20,C855117521,$17.60,$23.20,0,0.24
265,"CABLE ASSEMBLY PN 43010004 48"" OAL",100003,"CABLE ASSEMBLY PN 43010004 48"" OAL  FOR POWERAMP BAR LIFT BARRIER #B-2-B  USED ON DELTA COIL SERIAL 693542 1995",49,$41.60,C254694638,$35.20,$47.20,-0.12,0.15
266,CABLE ASSY QUANTUM 140XCA71709,,CABLE ASSY QUANTUM 140XCA71709  9 FEET,110,$35.20,C254694638,$35.20,$47.20,-0.25,0
267,TRANSDUCER CABLE ASSY PN 4025673 ITEM,100055,TRANSDUCER CABLE ASSY PN 4025673 ITEM  NO ON PTI EXTRUSION SYSTEM DRWNG NO  SC170MM-HVTSE-A-016413-1/2 DOWN STREAM  SCREEN CHANGER ASSY 1 & 2 SEE ALSO ADAP  TOR ASSY DRNG AA170MM-HVTSE-A-016413,323,$40.00,C254694638,$35.20,$47.20,-0.15,0.12
268,TRANSDUCER CABLE ASSY PN 4028635 ITEM,100055,TRANSDUCER CABLE ASSY PN 4028635 ITEM  NO ON PTI EXTRUSION SYSTEM 170MM-EXT  16413DOWNSTREAM SCREENCHANGER-GEARPUMP  ASSEMBLY NO 1 & NO 2 ALSO SEE ADAPTOR  DRNG AA170MM-HVTSE-A-016413 REFER TO TH  ERMOCOUPLE MFG FOR CORRECT EXTEN WIRE,236,$46.00,C254694638,$35.20,$47.20,-0.03,0.23
269,"CABLE, PLUG ASSEMBLY, RED LION #ACA10000",100057,"CABLE, PLUG ASSEMBLY, RED LION #ACA10000",38,$47.20,C254694638,$35.20,$47.20,0,0.25
302,COVER ASSEMBLY PN V165891B01 REAR HIGH,,COVER ASSEMBLY PN V165891B01 REAR HIGH  RANGE 304SST BP-3 AA LIW SYSTEM,213,$12.00,C289958444,$12.00,$12.00,0,0
559,HUNKAR PRINTER,100029,HUNKAR PRINTER  ZEBRA ZE500-6 RH & LH PEEL BAR  64-P1046696-075,5,$0.54,C324738937,$0.54,$0.54,0,0
893,GUIDE BLOCK #P-750148-E,100034,"GUIDE, BLOCK, #P-750148-E",109,$80.50,C977854099,$80.50,$80.50,0,0
1732,BURNER CONTROL SIEMENS LMV52.240B1,100069,"BURNER CONTROL SIEMENS LMV52.240B1  UL VERSION, OIL/GAS BURNER CONTROL, PID  OILON P/N 36106071",155,$430.00,C922734947,$415.00,$540.00,-0.2,0.03
2096,CAPACITOR BANK DC LINK-BELT,100033,"CAPACITOR, BANK, DC LINK 14, 100  MICROFARAD 800V #6SY7000-OAD66  FOR R3 SIEMENS INVERTER 6SE7032-6EG20",141,$3.51,C293693863,$3.51,$3.51,0,0
2117,CARD SCALE INTERPHASE K-TRON #9191601650,100012,"CARD, SCALE INTERFACE,K-TRON #9191601650  FOR K-TRON FEEDER,K13",116,$53.50,C855770764,$49.50,$53.50,0,0.07
2118,CARD INTERFACE YASKAWA DI-101-120VAC,100088,CARD INTERFACE YASKAWA DI-101-120VAC  USED WITH THE CIMR-AU4A0018FAA DRIVE,261,$49.50,C855770764,$49.50,$53.50,-0.07,0
2119,MODULE MEMORY MICROLOGIX AB 1766-MM1,100002,MODULE MEMORY MICROLOGIX AB 1766-MM1  ABZ1766MM1,43,$545.00,C858545219,$465.00,$545.00,0,0.15
2120,MEMORY CARD SIEMENS 6ES7954-8LL03-0AA0,100069,"MEMORY CARD SIEMENS 6ES7954-8LL03-0AA0  SIMATIC S7-1X100 CPU, 3,3V FLASH  MEMORYCARD 256MB, FLASH EPROM  WRITE/DELETE OPERATIONS 200,000  WIDTH: 24MM, HEIGTH: 32MM, DEPTH: 2.1MM  VALVAN P/N E00007762",82,$465.00,C858545219,$465.00,$545.00,-0.15,0
2146,CABLE OLFLEX 891207 12AWG 7,100046,"CABLE, 12 AWG, 7/C, OLFLEX P/N 891207  CONTINUOUS FLEX CONTROL, USED ON  SS 21-24",151,$33.30,C139465852,$24.30,$34.20,-0.03,0.27
2147,"CABLE OLFLEX 8916184, 16AWG, 18/C,",100046,"CABLE, OLFLEX 8916184, 16AWG, 18/C,  SL14 BALE CART OR SAB EQUAL #7751618",259,$34.20,C139465852,$24.30,$34.20,0,0.29
2148,CABLE OLFLEX 26157 16AWG,100046,"CABLE, OLFLEX, C/N 26157, 16AWG-25/C",125,$24.30,C139465852,$24.30,$34.20,-0.29,0
2149,"CABLE, 18 AWG/3C, OMNI CABLE 108357A OR",100046,"CABLE, 18 AWG/3C, OMNI CABLE 108357A OR  OLFLEX 601803, OIL RESISTANT FLEXIBLE  CONTROL CABLE",22,$0.24,C139465853,$0.24,$0.24,0,0
2150,"CABLE, 18 AWG/7C, OMNI CABLE 108360A OR",100046,"CABLE, 18 AWG/7C, OMNI CABLE 108360A OR  OLFLEX 601807, OIL RESISTANT FLEXIBLE  CONTROL CABLE",175,$1.09,C148805343,$1.09,$1.50,-0.28,0
2151,CABLE TGGT2 2AWG,100063,"CABLE, FIREZONE, #101, 2AWG, 200 DEG,  ROCKBESTOS, NI-CU, P/N TGGT2",178,$1.30,C148805343,$1.09,$1.50,-0.13,0.16
2152,CABLE OLFLEX 890604 6AWG 6,100046,"CABLE, OLFLEX, C/N 890604, 6AWG-6/C",96,$1.31,C148805343,$1.09,$1.50,-0.13,0.17
2153,CABLE 14/4 FLEXIBLE TPC C/N 87199 ULTRA-,100079,CABLE 14/4 FLEXIBLE TPC C/N 87199 ULTRA-  GARD PORTABLE CABLE FOR BALE CARTS,90,$1.50,C148805343,$1.09,$1.50,0,0.28
2154,CABLE 18/19 FLEXIBLE TPC C/N 88918,100079,CABLE 18/19 FLEXIBLE TPC C/N 88918  ULTRA-GARD PORTABLE CABLE FOR BALE CARTS,263,$2.73,C700419190,$2.18,$2.83,-0.04,0.2
2155,CABLE NOVA-ELE 03-0-001,100045,"CABLE, 25', NOVA, P/N 03-0-001, FOR 300  SERIES TRUCK LOCK",232,$2.45,C700419190,$2.18,$2.83,-0.13,0.11
2156,CABLE PRESSURE GNEUSS P-1-3-6-T,100027,"CABLE, PRESSURE, GNEUSS ARTICLE  #P-1-3-6-T, 6 CORES OF, HIGHLY  FLEXIBLE, SCREENED 10 FT CABLE.",58,$2.83,C700419190,$2.18,$2.83,0,0.23
2157,CABLE TRANSCEIVER ANIXTER 9J2004011B,100005,"CABLE, TRANSCEIVER, MAKE UP, 1000'  #9J2004011B, ANIXTER AXRB89901",80,$2.18,C700419190,$2.18,$2.83,-0.23,0
2173,FIBER OPTICAL ATEX-FIL P10595094,100006,"FIBER, OPTICAL, ATEX2000 MM LEN,  P/N P10342550",32,$8.90,C787500501,$8.00,$9.30,-0.04,0.1
2174,CABLE FIBER OPTIC INGERSOL 6007239,100030,"CABLE, FIBER OPTIC, FOR IR LIGHT BARRIER  2 METER LENGTH, RIETER P/N 6007239,  TYPE SK2000-4-1",129,$9.30,C787500501,$8.00,$9.30,0,0.14
2175,CABLE FIBEROPTIC 6021223,,"FIBER-OPTIC, 2000MM CABLE, P/N 6021223,  SK-2000-5-I, CABLE, BTN #90328990,  COUNTRY 004, [FOR ELECTRIC /SPARTANBURG]  OLD PART #71590",83,$8.00,C787500501,$8.00,$9.30,-0.14,0
2205,CHAIN #1100 EU-202-0277,100000,"CHAIN, #1100 DRWG EU-202-0277 BI.1A FOR  PIV FA22-FL GEAR #441434-G2 PIV-KETTE  E-NR 1100 A3.27VQ PIV CHAIN #A3.27V  (NO SUBSTITUTIONS ACCEPTED)",212,$44.50,C219785538,$41.00,$59.50,-0.25,0.08
2206,CHAIN FAD-1Q PIV-DRIV 304249,100000,"CHAIN #13511, A2.25V E-NR.1100 FOR PIV FAD-1Q  NR 304249 G7 PIV-KETTE E-NR 1100 A2.25V  Q VARI DRIVE PIV TYPE FAD-1Q RATIO 1/4.5  S/N 304249 G7 USED ON DEGASSER FEED PUMP",130,$45.00,C219785538,$41.00,$59.50,-0.24,0.09
2207,"CHAIN, 240 2COTT, UST, DOUBLE ROLL,",,"CHAIN, 240 2COTT, UST, DOUBLE ROLL,  ORDER IN MULTIPLIES OF 10 FT",252,$55.00,C219785538,$41.00,$59.50,-0.08,0.25
2208,CHAIN SINGLE LUMMUS 034421 CONNECTING,100034,"CHAIN, SINGLE STRAND RC 60 INCLUDED ARE  2 CONNECTING LINKS 173 LINKS TOTAL OR  129"" LONG #034421 CHAIN ITEM 8 DRWG  #P802634D LINK #034629 (MFG LUMMUS)",72,$41.00,C219785538,$41.00,$59.50,-0.31,0
2209,CHAIN SASH STEEL 40 CMH683456 MIN 100,,CHAIN SASH STEEL 40 CMH683456 MIN 100,192,$58.00,C219785538,$41.00,$59.50,-0.03,0.29
2210,CHAIN #3ON PIV-DRIV 496402,100051,"CHAIN, #3ON PIV NR 496402 E-NR 1100 PIV-  KETTEN WD 2413.58S FOR MRHB-44 NR 378596  G1 SPEC A327 CHAIN TYPE WD 2411.66S IS  ACCEPTABLE SUBSTITUTE",2,$55.00,C219785538,$41.00,$59.50,-0.08,0.25
2211,CHAIN REXNORD #866 #90.221-A2,100060,"CHAIN, REXNORD TABLE TOP #866 FOR #60  SPROCKET W/3 1/4"" WIDE PLATE REXCHAIN  #866 K 3 1/4""X114"" (76 LINKS) (267  LINKS) DRWG #90.221-A2, 3 & 4 FOR",11,$46.00,C219785538,$41.00,$59.50,-0.23,0.11
2212,CHAIN #24O-2,100078,"CHAIN, #24O-2, 82 PITCH FOR TDS48-17 TOR  USDICS PREHEATER SN 920006509/510",112,$59.50,C219785538,$41.00,$59.50,0,0.31
2248,"CHASSIS, 4 SLOT, ALLEN BRADLEY 1746-A4",100002,"CHASSIS, 4 SLOT, ALLEN BRADLEY 1746-A4",161,$808.00,C601873607,$808.00,$808.00,0,0
2541,GORTUBE DYNATECT C21072 STD#1 STD#1,100017,"GORTUBE DYNATECT C21072 STD#1 STD#1  FLEXIBLE CONDUIT TRACK 72"" FOR SPINNING",94,$28.20,C324586584,$27.00,$36.00,-0.22,0.04
2542,CONDUIT CARRIER 06EA601052,100008,"CONDUIT, PKG, CARRIER #06EA601052 FOR  CARRIER 06EX RECIPROCATION COMPRESSORS",22,$33.60,C324586584,$27.00,$36.00,-0.07,0.2
2543,CONDUIT FLEX TYPE EF-11-GRY-1/2-100FT,,CONDUIT FLEX TYPE EF-11-GRY-1/2-100FT  LIQUID TIGHT,128,$35.40,C324586584,$27.00,$36.00,-0.02,0.24
2544,CONDUIT FLEXIBLE LIQ TIGHT EF  1-1/2 IN,,"CONDUIT, FLEX LIQ TIGHT TYPE EF 1-1/2""  P/N EF 1 1/2 GRY 50FT",194,$31.50,C324586584,$27.00,$36.00,-0.13,0.14
2545,"CONDUIT, FLEX LIQ TIGHT TYPE EF 3/4""",,"CONDUIT, FLEX LIQ TIGHT TYPE EF 3/4""",121,$28.80,C324586584,$27.00,$36.00,-0.2,0.06
2546,CONDUIT IMC,,"CONDUIT, IMC 1/2""",27,$32.10,C324586584,$27.00,$36.00,-0.11,0.16
2547,"CONDUIT, IMC 1-1/2""",,"CONDUIT, IMC 1-1/2""",31,$29.70,C324586584,$27.00,$36.00,-0.18,0.09
2548,CONDUIT IMC,,"CONDUIT, IMC 1""",90,$27.00,C324586584,$27.00,$36.00,-0.25,0
2549,CONDUIT IMC,,"CONDUIT, IMC 3/4""",94,$36.00,C324586584,$27.00,$36.00,0,0.25
2618,CONNECTOR ALLEN-BR 1771-AF1 FIBER OPTIC,100002,"CONNECTOR, FIBER OPTIC, ALLEN BRADLEY  P/N 1771-AF1",8,$0.28,C271397067,$0.28,$0.28,0,0
2966,CPU ALLEN BRADLEY P/N ABZ1747L541,100002,CPU ALLEN BRADLEY P/N ABZ1747L541SLC 5/04 16K MEMORY,133,$63.60,C762909605,$63.60,$63.60,0,0
2967,CPU 315 2 SIEMENS CN 6ES73152EH14-0AB0,100069,"CPU 315 2 SIEMENS CN 6ES73152EH14-0AB0  PN DP 384K 0,05MS/KA",166,$600.00,C264828619,$600.00,$600.00,0,0
2968,CPU STANDARD PN 4024828 PN 4024828,100055,CPU STANDARD PN 4024828 PN 4024828,49,$652.50,C179192512,$652.50,$652.50,0,0
2976,CONTROL UNIT PN 529002,100026,CONTROL UNIT PN 529002,172,$530.00,C922734947,$415.00,$540.00,-0.02,0.22
2977,FILTER UNIT LUBRO-CONTROL NORGREN,100043,"UNIT, LUBRO-CONTROL, NORGREN FILTER-  REGULATOR & LUBRICATOR #P4J-220-A3P-AU  & MOUNTING BRACKETS #5514-06&5532-04",4,$455.00,C922734947,$415.00,$540.00,-0.16,0.09
2978,"CONTROL UNIT, REMOTE, COMPLETE ELECTRONI",100022,"CONTROL UNIT, REMOTE, COMPLETE ELECTRONI  CS PACKAGE, NEMA 7-9 ENCLOSURE FOR ERIEZ  4"" EZ TEC V LOW PROFILE METAL DETECTOR W  AUTO REJECT COMPONENTS, VERTICAL FLOW W/  DIVERTER VALVE PER ERIEZ DWG NO 4R-99148  71 & 4R-9804839. USED ON CPS1 RECYCLE ME  TAL DETECTOR.",172,$450.00,C922734947,$415.00,$540.00,-0.17,0.08
2979,CONTROL UNIT SIEMENS 6SL3040-1MA01-0AA0,100069,"CONTROL UNIT SIEMENS 6SL3040-1MA01-0AA0  SINAMICS S120, CONTROL UNIT CU320-2 PN  POWER SUPPLY 24 VDC, 1 A, 24 W, PROFINET  12 DI 5-30V, 9 DI/O BIDIRECTIONAL, 5-30V  W: 50 MM, H: 300 MM, D: 226 MM  VALVAN P/N E00007357",44,$540.00,C922734947,$415.00,$540.00,0,0.23
2980,SMARTLINK CONTROL INTERFACE SL CI,100087,SMARTLINK CONTROL INTERFACE SL CI ,102,$475.00,C922734947,$415.00,$540.00,-0.12,0.13
2981,CONTROL UNIT TELEMECANIQUE CN LUCB05BL,100077,CONTROL UNIT TELEMECANIQUE CN LUCB05BL,138,$510.00,C922734947,$415.00,$540.00,-0.06,0.19
2982,CONTROL UNIT TELEMECANIQUE CN LUCB1XBL,100077,CONTROL UNIT TELEMECANIQUE CN LUCB1XBL,282,$460.00,C922734947,$415.00,$540.00,-0.15,0.1
2983,CONTROL UNIT TELEMECANIQUE CN LUCB32BL,100077,CONTROL UNIT TELEMECANIQUE CN LUCB32BL,221,$415.00,C922734947,$415.00,$540.00,-0.23,0
2984,CONTROL UNIT TELEMECANIQUE CN LUCBX6BL,100077,CONTROL UNIT TELEMECANIQUE CN LUCBX6BL,101,$415.00,C922734947,$415.00,$540.00,-0.23,0
3365,MODULE UTICOR MN 180 22A1N008E1 115VAC,100083,"MODULE UTICOR MN 180 22A1N008E1 115VAC  /230, .1/.05 AMPS",127,$23.80,C552847676,$16.20,$24.00,-0.01,0.32
3366,DISPLAY PRECISION DIGITAL #PD765-6R0-00,100052,DISPLAY PRECISION DIGITAL # PD765-6R0-00PROCESS & TEMP METER 85-265 VAC50-60 HZ OR 90-265VDC,63,$16.20,C552847676,$16.20,$24.00,-0.33,0
3367,DISPLAY. KEYBOARD. TWO LINE. PLUG IN,100001,DISPLAY. KEYBOARD. TWO LINE. PLUG IN  ACCUTECH P/N DK-2,208,$20.00,C552847676,$16.20,$24.00,-0.17,0.19
3368,DISPLAY VU331 ENDRESS+HAUSER 52026443,100021,"DISPLAY VU331 ENDRESS+HAUSER 52026443  VERSION 2 ALPHANUMERIC DISPLAY 4-LINE.  USAGE: MICROPILOT M/MICROPILOT S  90-250 VAC (HOUSING F12) USAGE: PROSONIC  M, LEVELFLEX M.",282,$24.00,C552847676,$16.20,$24.00,0,0.33
3369,BOARD DISPLAY MSA 813825,100039,"BOARD, DISPLAY, MSA P/N 813825",253,$19.20,C552847676,$16.20,$24.00,-0.2,0.16
3370,DISPLAY CARRIER 19XR04011605 CVC,100008,DISPLAY CARRIER 19XR04011605 CVC  CHILLER VISUAL CONTROLLER REPLACES  19XR04011602 FOR POLY CHILLER BLDG,43,$22.80,C552847676,$16.20,$24.00,-0.05,0.29
3371,DISPLAY DIGITAL RED-LION APLSP3B0 SS,100057,"DISPLAY, DIGITAL, RED LION #APLSP3B0  FOR SS#17 THRU 20 SLUB AND DOFF COUNTER",226,$17.60,C552847676,$16.20,$24.00,-0.27,0.08
3372,DISPLAY RED LION CONSISTS OF 3 PARTS,100057,"DISPLAY RED LION 6 DIGIT# INTELLIGENT DISPLAY, INPUT 4-20 MA  NOW CONSISTS OF THE FOLLOWING 3 ITEMS:  PAX10000 - COUNTER ($265.87/EA.)  PAXCDC10485 COMM CARD ($48.43/EA.)  GCM42201 SERIAL CONVERTER ($71.16/EA.)  THESE MUST SHIP TOGETHER COMPLETE AND BILL  ON ONE INVOICE",144,$238.00,C712001839,$166.00,$238.00,0,0.3
3373,DISPLAY LCD MODULE AB 20-HIM-A3 PF70/700,100002,DISPLAY LCD MODULE AB 20-HIM-A3 PF70/700  PF70/700# LCD DISPLAY FULL NUMBER KEY ON  ALLEN BRADLEY AC DRIVES,8,$190.00,C712001839,$166.00,$238.00,-0.2,0.13
3374,"REPAIR, PANELVIEW 600 AB# 2711-B6C8",100002,"REPAIR PANELVIEW 600, 85-264VAC.DH+ALLEN BRADLEY #2711-B6C8 KEYPAT TCHSCRNCOLOR 6"" DSPLAY",185,$224.00,C712001839,$166.00,$238.00,-0.06,0.26
3375,"REPAIR, PANELVIEW 600, 85-264VAC.DH+",100002,"ALLEN BRADLEY #2711-B6C1 KEYPAY TCHSCRNCOLOR 6"" DISPLAY",241,$200.00,C712001839,$166.00,$238.00,-0.16,0.17
3376,REPAIRED PANELVIEW 600 A-BRADL 2711-B6C1,100002,REPAIRED PANELVIEW 600 A-BRADL 2711-B6C160VA 85-264V/AC BTN #000000 CONTRY 000,173,$198.00,C712001839,$166.00,$238.00,-0.17,0.16
3377,READOUT DIGITAL NEWPORT INFCP-001B,100042,"READOUT, DIGITAL, NEWPORT M/N INFCP-001B  FOR THERMOX 2.",44,$200.00,C712001839,$166.00,$238.00,-0.16,0.17
3378,READOUT RED-LION APLSP4B SS,100057,"READOUT, RED LION C/N APLSP4B, USED FOR  SS DOFF TIMER",235,$166.00,C712001839,$166.00,$238.00,-0.3,0
3687,FAN PAMOTOR CNCW2S130-BM1501,100047,"FAN, PAMOTOR BURLINGAME,  P/N CNCW2S130-BM1501",170,$13.75,C486631144,$10.25,$14.50,-0.05,0.25
3689,FAN CABINET AB PN ABZSKR9FAN11F6,,FAN CABINET AB PN ABZSKR9FAN11F6  HEAT SINK TYPE 1 FRAME 6,137,$12.38,C486631144,$10.25,$14.50,-0.15,0.17
3690,CABINET FAN EBMPAPST W2E250-HL08-07,,CABINET FAN EBMPAPST W2E250-HL08-07  EBMPW2E250HL0807 W2E250-HL08-07 FAN,93,$10.38,C486631144,$10.25,$14.50,-0.28,0.01
3693,FAN EBM 460V PAPST P/N A2D250-AA06-44,100018,FAN EBM PAPST P/N A2D250-AA06-44460V 2950RPM 160 WATTS,124,$10.88,C486631144,$10.25,$14.50,-0.25,0.06
3695,FAN INVERTER EMERSN-A,100020,"FAN, INVERTER 2000 #12-744390-01 L2217  ELECTRICAL CENTRIFUGAL BLOWER EMERSON",245,$14.13,C486631144,$10.25,$14.50,-0.03,0.27
3697,FAN 39836069 # 39865761 REV 05,100030,"FAN, 18"" DIA (FOR 60 HZ), P/N 39836069,  ITEM #18, DRAWING # 39865761 REV 05,  FOR I/R EP-40-SE AIR COMPRESSOR S/N  JE6471U00063, AT RECYCLE CHIP BLENDING  SILO",259,$11.25,C486631144,$10.25,$14.50,-0.22,0.09
3698,"FAN, 28"", 1,125"" BUSHING 28-9-4ZL-30.0",100030,"FAN, 28"", 1,125"" BUSHING 28-9-4ZL-30.0  SPLIT TAPER, ITEM #1, P/N 39907910, FOR  I/R SSR-EP75 AIR COMPRESSOR, S/N CK3425-  U00228, DWG #39902937 REV 02",73,$14.50,C486631144,$10.25,$14.50,0,0.29
3699,FAN KIT PTI PN 4032521 175MM DROP-IN,100055,FAN KIT PTI PN 4032521 175MM DROP-IN  REPLACEMENT ASSEMBLY FOR EXTRUDER  ABB DRIVE CABINET EX-2 COMPARTMENT 4  AND COMPARTMENT 5 TWO (2) EACH OF  PN 4032521 FAN ASSEMBLYS ARE REQUIRED  FOR COMPARTMENT AND 5,227,$10.25,C486631144,$10.25,$14.50,-0.29,0
3703,FAN BOX GLOBE A36-B10A-15T3-115,100058,"FAN, BOX, GLOBE C/N A36-B10A-15T3-115VAC  3.62""SQ.X 1.00"", 115V AC, USED IN  RELIANCE DC DRIVES",129,$11.63,C486631144,$10.25,$14.50,-0.2,0.12
3704,FAN RITTAL SK3238 124 59M3/H 24 VDC,100062,"FAN RITTAL SK3238 124 59M3/H 24 VDC  H:5.83"" X W:5.83""",126,$10.88,C486631144,$10.25,$14.50,-0.25,0.06
3705,FAN SIEMENS,100069,"FAN, #6ZY1091-0AA00 R2D180-A104-09 FOR  SIEMENS INVERTER #6SE3550 50 KVA ON  BATCH POLY UWG LINES 5-7",218,$12.63,C486631144,$10.25,$14.50,-0.13,0.19
4634,COMPOUND HEAT SINK KAM  DC340 5 OZ TUBE,100016,COMPOUND HEAT SINK KAM DC340 5 OZ TUBE  DOW CORNING NO SUBSTITUTIONS ACCEPTED,65,$17.20,C817769075,$17.20,$17.20,0,0
5482,"SPINDLE, POS 57 DWG 685658 SL14 TOW",100041,"SPINDLE, POS 57 DWG 685658 SL14 TOW  STACKER TYPE 685658.1 SER 901020.40.05  GROUP 01 DWG 685658.1, MFG NEUMAG",261,$1.60,C512238902,$1.60,$2.08,-0.23,0
5483,"GUIDE, SPINDLE PN 0193-5100026R POS.#823",100067,"GUIDE, SPINDLE PN 0193-5100026R POS.#823  MATERIAL: 304/304L",59,$2.08,C512238902,$1.60,$2.08,0,0.23
5484,"GUIDE, SPINDLE PN 0193-8100026L",100067,"GUIDE, SPINDLE PN 0193-8100026L  SKEWED SLOT POS.#230 MATERIAL: 304/304L",57,$2.00,C512238902,$1.60,$2.08,-0.04,0.2
5528,MUSHROOM HEAD PUSH BUTTON BLACK 40 MM,100066,MUSHROOM HEAD PUSH BUTTON BLACK 40 MM  SCHNEIDER ELECTRIC ZB4BS52,130,$108.00,C563400186,$96.00,$144.00,-0.25,0.11
5529,CAP PUSHBUTTON FLUSH SIEMENS 3SB1910-0AC,100069,"CAP, RED PUSHBUTTON FLUSH, SIEMENS  #3SB1910-0AC",207,$96.00,C563400186,$96.00,$144.00,-0.33,0
5530,CAP PUSHBUTTON FLUSH SIEMENS 3SB1910-0AD,100069,"CAP, YELLOW PUSHBUTTON FLUSH, SIEMENS  #3SB1910-0AD",160,$122.40,C563400186,$96.00,$144.00,-0.15,0.22
5531,OPERATOR SQ-D CLASS 9001KR5R EMER-STOP,100072,OPERATOR SQ-D CLASS 9001KR5R EMER-STOP  MUSHROOM,150,$103.20,C563400186,$96.00,$144.00,-0.28,0.07
5532,OPERATOR PUSHBUTTON SQ D ZB5AA2,100072,OPERATOR PUSHBUTTON SQ D ZB5AA2  BLACK WITH FULL GUARD 22MM XB5,125,$123.60,C563400186,$96.00,$144.00,-0.14,0.22
5533,HEAD PUSH BOTTON ZB4BW333 120V GREEN,100066,"HEAD, GREEN, PUSH BOTTON, ZB4BW333,  USE WITH GREEN LED-120V, SWITCH,  SAP 446540",126,$134.40,C563400186,$96.00,$144.00,-0.07,0.29
5534,OPERATOR PUSHBUTTON SQ D ZB5AA4,100072,OPERATOR PUSHBUTTON SQ D ZB5AA4  RED WITH FULL GUARD 22MM XB5,139,$144.00,C563400186,$96.00,$144.00,0,0.33
5535,HEAD push button ZB4BW343 120V RED,100066,"HEAD, RED PUSH BUTTON, P/N ZB4BW343,  FOR RED LED-120V SWITCH, SAP 446538",132,$135.60,C563400186,$96.00,$144.00,-0.06,0.29
6098,INVERTER;ALLEN BRADLEY 125A;480V 3 PHS,100002,INVERTER;ALLEN BRADLEY 125A;480V 3 PHS  P/N A-B 20BD125A3ANNANCO AC DRIVE  USED ON BP 6;9;10;11 AUTOCLAVE AGITATOR  MOTOR,171,$123.60,C368182888,$99.60,$141.60,-0.13,0.19
6099,"INVERTER, ALLEN BRADLEY C/N 20AD3P4A 3",100002,"INVERTER, ALLEN BRADLEY C/N 20AD3P4A 3  AYNNNCO, SERIES A FOR CPS 3",215,$135.60,C368182888,$99.60,$141.60,-0.04,0.27
6100,INVERTER ALLEN-BRADLEY PN 25B-D4PON104,100002,INVERTER ALLEN-BRADLEY PN 25B-D4PON104  POWERFLEX 525 AC DRIVE WITH EMBEDDED  ETHERNET/IP AMD SAFETY 480VAC 3PH  3 PHASE 2HP 3 PHASE 2HP 1.5 KW NORMAL  DUTY 2HP 1.5 KW HEAVY DUTY FRAME A  IP20 NEMA/OPEN TYPE NO FILTER FOR  STAPLE W/H METAL DETECTOR CONFEYER  DRIVE,158,$141.60,C368182888,$99.60,$141.60,0,0.3
6101,INVERTER PRODUCT NO ABZ25BD2P3N104 P/N,100002,INVERTER PRODUCT NO ABZ25BD2P3N104 P/N  A-B 25B-D2P3N104 PF 525 480 VAC 3 PH  1.0 HP IP20 FOR STAPLE EXTRUDER VISCOM  ETER DRIVE,37,$126.00,C368182888,$99.60,$141.60,-0.11,0.21
6102,INVERTER DC DRIVE DM&E 092-006-49,100015,"INVERTER DC DRIVE CONTROL TECHNIQUES F3N2E (FOCUS) P/N 2415-8002-REV D AC INPUT 120VAC 14 AMPS= 1/4 - 1HP AC INPUT 240V AC= 1/2 -  2 HP 1 PH 50-60HZ DC OUTPUT ARMATURE 90VDC, 10 AMPS FIELD 100VDC 1 AMP OR ARMATURE 180VDC 10 AMPS FIELD 200VDC 1 AMP",31,$115.20,C368182888,$99.60,$141.60,-0.19,0.14
6103,INVERTER FREQUENCY 380-480VAC USG-CORP,100061,"INVERTER, FREQUENCY, PART #6021831,  380-480VAC, 1336S-BO10-AA-DE-HAP-GM1,  7.5KW, BTN #00000000, COUNTRY 000,  [FOR ELECTRIC / SPARTANBURG USG 900/H],  OLD PART #76251",343,$105.60,C368182888,$99.60,$141.60,-0.25,0.06
6104,INVENTER POWER FC102P37KT4E55H2XGX,100013,"INVERTER, POWER, 37KW/50HP, 3 PH,  DANFOSS C/N FC102P37KT4E55H2XGX, STD  SOFTWARE N1, NO RFI FILTER, NO BRAKE  STD CABLE ENTRIES. 380-480 VAC",88,$114.00,C368182888,$99.60,$141.60,-0.19,0.13
6105,INVENTER POWER FC102PK5T4E21H2XGX,100013,"INVERTER, POWER, 7.5KW/10HP, 3 PH,  DANFOSS C/N FC102PK5T4E21H2XGX, STD  SOFTWARE N1, NO RFI FILTER, NO BRAKE  STD CABLE ENTRIES. 380-480 VAC",327,$136.80,C368182888,$99.60,$141.60,-0.03,0.27
6106,INVERTER ROCKWELL P/N 1336F-B075V,100064,INVERTER ROCKWELL P/N 1336F-B075VAJ-CB-CP-HJ2C-LA4C-LT-UL DRIVE 100 HP VARIABLE TORQUE 460/3/60,55,$116.40,C368182888,$99.60,$141.60,-0.18,0.14
6107,INVERTER ROCKWELL P/N ABZ21BD096H,100064,INVERTER ROCKWELL P/N ABZ21BD096HJANNANCONN-ND-B0-C1-P3 PF700DRIVE 100 HP VARIABLE TORQUE,227,$106.80,C368182888,$99.60,$141.60,-0.25,0.07
6108,REPAIRED INVERTER YASKAWA P/N GDP515/G5,100088,REPAIRED INVERTER YASKAWA P/N GDP515/G5SPEC 40221F MODEL NO.= N12515C-B001 S/N= 4W0357283860007 INPUT= 460 VAC3 PH 50/60 HZ 2.2 A  MPS OUTPUT= 0-460 VAC0-400 HZ. 1.8 AMPS HP= 30 SERVCAT= M4515,58,$99.60,C368182888,$99.60,$141.60,-0.3,0
6316,LEVERS MOUNTING AB 2711P-RMCS PANELVIEW,100002,LEVERS MOUNTING AB 2711P-RMCS PANELVIEW  PLUS 7 ABZ2711PRMCS,143,$9.60,C823673603,$8.50,$11.50,-0.17,0.11
6317,MOUNTING KIT KINETROL #MQ-129,100032,"KIT, MOUNTING, KINETROL C/N MQ-129  MOUNTS TO A KINETROL M/N 129-100 AND  A QZM2VB1DSSD LIMIT SWITCH",210,$11.50,C823673603,$8.50,$11.50,0,0.26
6318,MOUNTING KIT MCJUNKIN P/N 9988-XXXX,100036,MOUNTING KIT MCJUNKIN P/N 9988-XXXX  FOR MOUNTING 8 VELAN L15-OCP13-DCJA  BUTTERFLY VALVE TO MATRYX MX750  VANE-STYLE ACTUATOR SS KIT,121,$10.50,C823673603,$8.50,$11.50,-0.09,0.19
6319,MOUNTING KIT PREMIER PNEUMATICS 2104-122,100054,MOUNTING KIT PREMIER PNEUMATICS 2104-122  WESTLOCK TO CONTROMATIC,286,$11.40,C823673603,$8.50,$11.50,-0.01,0.25
6320,"MOUNTING KIT SIZE 2 BORE 2.13"" ST960106",100056,"MOUNTING KIT SIZE 2 BORE 2.13"" ST960106  FOR QUARTZ MECHANICAL SWITCH",40,$9.80,C823673603,$8.50,$11.50,-0.15,0.13
6321,"MOUNTING KIT SIZE 1 BORE 1.5"" ST96105",100056,"MOUNTING KIT SIZE 1 BORE 1.5"" ST96105  FOR QUARTZ MECHANICAL SWITCH",126,$9.20,C823673603,$8.50,$11.50,-0.2,0.08
6322,"MOUNTING KIT 304SS VA68922SS FOR 14""",100065,"MOUNTING KIT 304SS VA68922SS FOR 14""  ROTO-DISC",95,$10.00,C823673603,$8.50,$11.50,-0.13,0.15
6323,KIT POS MTG VALTEK P/N 135049.029.040,100084,"KIT POS MTG VALTEK P/N 135049.029.040, SIZE 25, 2.00 SPUD, STEEL, CARBON, PAINT, WHITE, POWDER PAINT, POLYESTER, STEEL PARTS, PER S  PP-620, SPP-507(VALSPAR 1007W01 OR APPROVED EQUAL), ECO 15977",38,$8.50,C823673603,$8.50,$11.50,-0.26,0
6324,KIT POS MTG  VALTEK P/N 135051.029.040,100084,"KIT POS MTG VALTEK P/N 135051.029.040, SIZE 50, 2.62 SPUD, SIZE 100, 2.62 SPUD, SMHW., STEEL, CARBON, PAINT, WHITE, POWDER PAINT,  POLYESTER, STEEL PARTS, PER SPP-620, SPP-507 (VALSPAR 1007W01 OR APPROVED EQUAL), ECO 15977",29,$9.40,C823673603,$8.50,$11.50,-0.18,0.1
6325,KIT POS MTG VALTEK P/N 135052.029.040,100084,"KIT POS MTG VALTEK P/N 135052.029.040, SIZE 100/200, 2.62/2.88 SPUD, STEEL, CARBON, PAINT, WHITE, POWDER PAINT, POLYESTER, STEEL PA  RTS, PER SPP-620, SPP-507 (VALSPAR 1007W01 OR APPROVED EQUAL), ECO 15977",111,$11.30,C823673603,$8.50,$11.50,-0.02,0.25
6584,"LAMP, INFRARED #H-0020 FOR F&A BLDG",100073,"LAMP, INFRARED #H-0020 FOR F&A BLDG  LIEBERT A.H.U. SPEC# M338 OEM GTE  SYLVANIA QUARTZ INFRARED T12-24"" 240V  600W PN# 0020",159,$2.34,C887308676,$2.34,$2.34,0,0
6871,MODEM US ROBOTICS P/N SPORTSTER33.6,100082,MODEM US ROBOTICS P/N SPORTSTER33.6,70,$212.00,C168319231,$212.00,$212.00,0,0
6929,MODULE ALLEN BRADLEY P/N 1746-NI8 8,100002,MODULE ALLEN BRADLEY P/N 1746-NI8 8CHANNEL ANALOG INPUT.,175,$32.40,C685907335,$32.40,$45.60,-0.29,0
6930,MODULE  ALLEN BRADLEY P/N ABZ1746NT4,100002,MODULE ALLEN BRADLEY P/N ABZ1746NT4INPUT CARD THERMOCOUPLE/MV CONVERTER,249,$45.60,C685907335,$32.40,$45.60,0,0.29
6931,MODULE DIGITAL OUTPUT AB 1762-OB16 24,100002,MODULE DIGITAL OUTPUT AB 1762-OB16 24  VDC 16 DO ABZ1762OB16,233,$34.00,C685907335,$32.40,$45.60,-0.25,0.05
6932,MODULE I O ALLEN BRADLE207502263C1R2T,100002,MODULE I O ALLEN BRADLEY 207502263C1R2T  24V DC I O WITH 2 ANALOG IN 2 ANALOG OUT  6 DIGITAL IN 3 DIGITAL OUT 1 RELAY <(>&<)>  2 TRANSISTOR,48,$41.60,C685907335,$32.40,$45.60,-0.09,0.22
6933,MODULE I O SIEMENS 6ES72231BF220XA0,100069,"MODULE I O SIEMENS 6ES72231BF220XA0  FOR S7-22X CPU ONLY 4 DI / 4 DO, 24 VDC",105,$25.50,C200706618,$22.75,$27.00,-0.06,0.11
6934,MODULE IO SIEMENS 6ES72231BH220XA0,100069,"MODULE IO SIEMENS 6ES72231BH220XA0  FOR S7-22X CPU ONLY, 8 DI DC 24 V, SINK  SOURCE, 8 DO DC 24V, 0.75A/POINT SOURCE",121,$27.00,C200706618,$22.75,$27.00,0,0.16
6935,DIGITAL DRIVER PN 4026306,100055,DIGITAL DRIVER PN 4026306,184,$22.75,C200706618,$22.75,$27.00,-0.16,0
6936,DIGITAL INPUT MODULE AB 1762-IQ16  24,100002,DIGITAL INPUT MODULE AB 1762-IQ16 24  VDC 16 DI,36,$23.50,C200706618,$22.75,$27.00,-0.13,0.03
6937,DIGITAL INPUT MODULE ALLENBRAD 1762IQ32T,100002,DIGITAL INPUT MODULE ALLENBRAD 1762IQ32T  24 VDC 32 DI ABZ1762IQ32T,174,$78.40,C380238021,$69.60,$92.00,-0.15,0.11
6938,DIGITAL INPUT MODULE AB 1762-IQ8 24 VDC,100002,DIGITAL INPUT MODULE AB 1762-IQ8 24 VDC  8 DI ABZ1762IQ8,204,$92.00,C380238021,$69.60,$92.00,0,0.24
6939,MODULE EPROM SIEMENS S5-110A,100069,"MODULE, SIEMENS EPROM SIMATIC S5-110A  FOR BATCH POLY UNDERWATER GRANULATOR  LINES 12 & 13 6ES 5910-0AA31 2KBYTE  PROGRAM VWG BATCH-POLY LINES 12/13",173,$76.80,C380238021,$69.60,$92.00,-0.17,0.09
6940,BOARD INTERFACE ALLEN BRADLEY SKG9TCOMM,100002,BOARD INTERFACE ALLEN BRADLEY SKG9TCOMM  PF700 USED IN VARIOUS A-B DRIVES,105,$69.60,C380238021,$69.60,$92.00,-0.24,0
6941,INTERFACE SIEMENS CN 6ES71511AA060AB0,100069,INTERFACE SIEMENS CN 6ES71511AA060AB0  IM 151 AND COMPLETION,71,$420.00,C265906184,$318.50,$420.00,0,0.24
6942,MODULE INPUT/OUTPUT #6021828,100061,"MODULE, INPUT/OUTPUT, PART #6021828,  1746-NIO4I, CURRENT 4-20MA, BTN #  85389091, COUNTRY 000, [FOR ELECTRIC /  SPARTANBURG USG 900/H], OLD PART #76083",207,$402.50,C265906184,$318.50,$420.00,-0.04,0.21
6943,CONTROLLER KCM K-TRON PN 0000007492 WITH,100012,CONTROLLER KCM K-TRON P/N 0000007492 WITH AC INTERFACE MOTOR BOARD P/N  0000004323 W/STATUS DISPLAY P/N 0000025154.,252,$381.50,C265906184,$318.50,$420.00,-0.09,0.17
6944,MICROLOGIX CAT 1762-IF20F2 2 CH INPUT/2,100037,MICROLOGIX CAT 1762-IF20F2 2 CH INPUT/2  CH OUTPUT ANALOG MODULE,87,$318.50,C265906184,$318.50,$420.00,-0.24,0
6945,"CONTROLLER, MODULE 18K MEMORY MODICON",100038,"CONTROLLER, MODULE 18K MEMORY MODICON  #PC-E984-381 FOR 984 PLC",10,$252.00,C918246783,$252.00,$327.00,-0.23,0
6946,MODULE OUTPUT MODICON #B824-016 24 VDC,100038,"MODULE, 24VDC OUTPUT, TRUE HIGH, MODICON  #B824-016, FOR 984 PLC",221,$327.00,C918246783,$252.00,$327.00,0,0.23
6947,MODULE OUTPUT TECHTROL IO-RM10 1 BINARY,100076,"MODULE, OUTPUT, 1 BINARY, TECHTROL  P/N IO-RM10",167,$300.00,C918246783,$252.00,$327.00,-0.08,0.16
6948,MODULE OUTPUT TECHTROL IO-RM40 4 BINARY,100076,"MODULE, OUTPUT, 4 BINARY, TECHTROL  P/N IO-RM40",217,$312.00,C918246783,$252.00,$327.00,-0.05,0.19
6949,MODULE SCR POWER CONTROLLER MCMPZT4300,100011,"MODULE, SCR ZT4300 POWER CONTROLLER,  CLARK POWER SYSTEM, P/N MCMPZT4300,",99,$176.00,C596445134,$174.00,$194.00,-0.09,0.01
6950,CARD SIEMENS CN 6AV66711CB000AX2,100069,CARD SIEMENS CN 6AV66711CB000AX2  MULTI MEDIA CARD MMC 128 MB FOR,82,$194.00,C596445134,$174.00,$194.00,0,0.1
6951,BOARD CONTROL SIEMENS 6SE7032-6EG20,100069,"BOARD, CONTROL CU2,SOFTWARE VERSION  1.0/1.1/1.2 #6SE7090-OXX84-OAFO FOR R3  SIEMENS INVERTER 6SE7032-6EG20",190,$186.00,C596445134,$174.00,$194.00,-0.04,0.06
6952,"TERMINAL MOD.EX D, 4POLE,2WR, HART, T12",100021,"TERMINAL MOD.EX D, 4POLE,2WR, HART, T12  ENDRESS&HAUSER PN 52013302 FOR THE  FMP45-TBMASJB23C4A RADAR LEVEL",137,$182.00,C596445134,$174.00,$194.00,-0.06,0.04
6953,VOLTSENSE MOD SIEMENS 6SL3053-0AA00-3AA1,100069,"VOLTSENSE MOD SIEMENS 6SL3053-0AA00-3AA1  SINAMICS VSM10 VOLTAGE SENSING MODULE  POWER SUPPLY 24VDC, 200 MA, 10 MOHM  W: 50 MM, H: 150 MM, D: 111 MM",46,$174.00,C596445134,$174.00,$194.00,-0.1,0
6956,INTERFACE ASSEMBLY OPERATOR USER,100030,"INTERFACE ASSEMBLY, OPERATOR USER (OUI),  INGERSOL RAND, P/N 22110399,  TO BE PROGRAMED FOR S/N 964800258,",242,$50.50,C612843435,$50.50,$60.00,-0.16,0
6957,INTERFACE QUANTUM # 140CRA93200 PORT,100066,INTERFACE QUANTUM # 140CRA93200 PORT  TYPE DEDICATED PROPRIETARY NETWORK CABLE  TYPE COAXIAL DUAL CHANNEL RIO DROP S908  2CH,90,$60.00,C612843435,$50.50,$60.00,0,0.16
6958,INTERFACE QUANTUM # 140CRP93200,100066,INTERFACE QUANTUM # 140CRP93200  PORT TYPE DEDICATED PROPRIETARY NETWORK  CABLE TYPE COAXIAL  DUAL CHANNEL  RIO HEAD S908 2CH,302,$168.00,C916580666,$168.00,$168.00,0,0
7031,MOUNTING KIT QRI SIEMENS AGG2.120,,"MOUNTING KIT QRI SIEMENS AGG2.120  PG9X1/2"" NPT THREAD  OILON P/N 30319187",150,$9.90,C823673603,$8.50,$11.50,-0.14,0.14
8149,BATTERY MODEL AB16 TAYLOR # 318-016-002,100075,"BATTERY MODEL AB16 P/N 318-016-002 3.7VOLT, 4,000MAH,",178,$100.00,C510385123,$100.00,$100.00,0,0
8184,"CONTROLLER, ALARM UNIT,MOD 92, EUROTHERM",100023,"CONTROLLER, ALARM UNIT,MOD 92, EUROTHERM  #3216/CC/VH/RR/X/XXX/G/ENG/ENG//, 115VAC",44,$440.00,C541634562,$440.00,$440.00,0,0
8200,"BOARD, A-B PCB, GATE (BASE DRIVER) DRIVE",100002,"BOARD, A-B PCB, GATE (BASE DRIVER) DRIVE  1336STG, 460V, 500HP, CAT NO 1336-BDB-  SP51D, FOR CPS1 BERSTORFF EXTRUDER 600HP  1336 PLUS AC DRIVE.",10,$5.10,C299195901,$4.00,$6.00,-0.15,0.22
8201,"BOARD, A-B PCB MAIN CONTROL 1336F,",100002,"BOARD, A-B PCB MAIN CONTROL 1336F,  A FRAMES, CAT NO 1336F-MCB-SP2K, FOR  CPS1 BERSTORFF EXTRUDER, 600HP  1336 + AC DRIVE",76,$5.25,C299195901,$4.00,$6.00,-0.13,0.24
8202,"BOARD, A-B PCB, PRECHARGE (SA) 1336STEF,",100002,"BOARD, A-B PCB, PRECHARGE (SA) 1336STEF,  460V, 60-600HP, CAT NO 1336-PB-SP23C,  FOR CPS1 BERSTORFF EXTRUDER 600HP MOTOR  1336 PLUS AC DRIVE.",13,$4.35,C299195901,$4.00,$6.00,-0.28,0.08
8203,"BOARD, A-B PCB, INVERTER SNUBBER 1336STG",100002,"BOARD, A-B PCB, INVERTER SNUBBER 1336STG  460V, 300-600HP, CAT NO 1336-SN-SP12A,  A-B P/N 1336-SN-SP12A, FOR CPS1 BERSTORF  EXTRUDER MOTOR 600HP 1336 + AC DRIVE",222,$4.25,C299195901,$4.00,$6.00,-0.29,0.06
8204,BOARD ANALOG MSA 813915,100039,"BOARD, ANALOG, MSA P/N 813915",184,$5.75,C299195901,$4.00,$6.00,-0.04,0.3
8205,"BOARD, PC ASSEMBLY, MAS 815277",100039,"BOARD, PC ASSEMBLY, MAS 815277",78,$5.00,C299195901,$4.00,$6.00,-0.17,0.2
8206,AMETEK DNC-T2010-R20,100004,"AMETEK DNC-T2010-R20  CONTROL BOARD, DUST COLLECTOR  INPUT VOLTAGE 95-265 VAC  50/60HZ, OUTPUT 150 VA, LED DISPLAY",86,$5.90,C299195901,$4.00,$6.00,-0.02,0.32
8207,"CONTROL, BOARD, MP3 MICRO PNL 1X9653-MP3",100030,"CONTROL, BOARD, MP3 MICRO PNL 1X9653-MP3  COMP S/N M86-3931 SIZE 2ACII-055-3",133,$5.40,C299195901,$4.00,$6.00,-0.1,0.26
8208,BOARD DEFROST CONTROL TRANE CNT1642,100080,"BOARD, DEFROST CONTROL, TRANE CNT1642,  FOR MOD TWA090A400BA",111,$4.90,C299195901,$4.00,$6.00,-0.18,0.18
8209,BOARD ELECTRONIC DELTA P/N 200203.1,100014,BOARD ELECTRONIC DELTA P/N 200203.1  M 110V FOR A FS4200 MICROTUF FLOW SWITCH  P/N: FS42NX-RB1-S6-5.50-120-LE-EN(7),140,$4.90,C299195901,$4.00,$6.00,-0.18,0.18
8210,"BOARD, FILTER, P/N 010988, FOR",100019,"BOARD, FILTER, P/N 010988, FOR  TMP-960 EZ-LOGIC, FOR EMCO FLOW METER",4,$4.00,C299195901,$4.00,$6.00,-0.33,0
8211,HUNKAR PRINTER,100029,HUNKAR PRINTER  ZEBRA ZE500 MAIN LOGIC BOARD 64MB  60-P1046696-017,214,$4.00,C299195901,$4.00,$6.00,-0.33,0
8212,BOARD PRINTED CIRCUIT  INTERFACE SIEMENS,100069,"BOARD, PRINTED CIRCUIT, INTERFACE &  SIGNAL TRANSDUCER A8 #6SC9830-0BD0  459002.9313.01 FOR SIEMENS INVERTER  #6SE3550 50 KVA ON BATCH POLY UWG LINES",183,$4.65,C299195901,$4.00,$6.00,-0.23,0.14
8213,"BOARD, CIRCUIT, ISCO P/N 603704150,",100031,"BOARD, CIRCUIT, ISCO P/N 603704150,  USED ON A MODEL 3710 SAMPLER, S/N'S  EARLIER THAN 201K",161,$4.60,C299195901,$4.00,$6.00,-0.23,0.13
8214,BOARD CIRCUIT ISCO 603704189,100031,"BOARD, CIRCUIT, ISCO P/N 603704189,  USED ON A MODEL 3710 SAMPLER, S/N'S  LATER THAN 201K",49,$4.00,C299195901,$4.00,$6.00,-0.33,0
8215,"BOARD, ISOLATED 4-20MA, SCOTT #9550-2085",100068,"BOARD, ISOLATED 4-20MA, SCOTT #9550-2085",167,$5.30,C299195901,$4.00,$6.00,-0.12,0.25
8216,BOARD CIRCUIT 20631,100035,"BOARD, CIRCUIT, PRINTED P/N 20631  FOR PS-6-XP INTERSYSTEMS SAMPLER",308,$4.30,C299195901,$4.00,$6.00,-0.28,0.07
8217,"BOARD, MOTHER ITEM 10, #MP600402SP04",100069,"BOARD, MOTHER ITEM 10, #MP600402SP04  SIEMENS INVERTER TYPE 6SE4840-3FB03  SIMOVERT P NR.A910001049 40 KVA 500VOLTS  72 AMP.",40,$4.50,C299195901,$4.00,$6.00,-0.25,0.11
8218,BOARD MSA P/N A-ULTX-PCB-E-3-3-0-0-C,100081,"BOARD MSA P/N A-ULTX-PCB-E-3-3-0-0-CFOR ULTIMAX C=RELAYS SET AT 1%, 2%,5%",86,$5.90,C299195901,$4.00,$6.00,-0.02,0.32
8219,BOARD MSA PN AULTXPCBE33002 FOR ULTIMAX,100081,BOARD MSA PN AULTXPCBE33002 FOR ULTIMAX  DETECTOR,161,$4.05,C299195901,$4.00,$6.00,-0.33,0.01
8220,UNIT PROGRAM CONTROL CONTROL CO,100040,"BOARD, CIRCUIT, NCC P/N DNC-T2006-R20  LINE VOLTAGE 105-135 VAC 50-60HZ  (NATIONAL CONTROL CORP)",327,$4.50,C299195901,$4.00,$6.00,-0.25,0.11
8221,CIRCUIT BOARD 120VAC PARKER 1860336-120A,100048,"CIRCUIT BOARD, 120VAC, PARKER 1860336-120A,FOR A C/N D1VW020BNYGF56-91 SOLENOID.",171,$5.20,C299195901,$4.00,$6.00,-0.13,0.23
8222,BOARD PRINTED CARD PHASE DRIVER SIEMENS,100069,"BOARD, PRINTED,CARD PHASE DRIVER #WP6304  CARDS FOR 11 KVA INVERTER #WP6304  SIEMENS SIMOVERT P6SE4711 SIEMENS REF  92/50110",185,$5.85,C299195901,$4.00,$6.00,-0.03,0.32
8223,BOARD PRECHARGING SIEMENS 6SE7031,100069,"BOARD, PRECHARGING #6SE7031-7Hh84-1HJO  FOR R3 SIEMENS INVERTER 6SE7032-6EG20",55,$4.30,C299195901,$4.00,$6.00,-0.28,0.07
8224,BOARD PRINTED INTERFACE MODULE SIEMENS,100069,"BOARD, PRINTED, INTERFACE MODULE SIEMENS  SIMATIC S5 6ES-306-7LA11 FOR 115V SYSTEM  FOR AUTOMATIC GRANULATOR HAG REF  T92-304/1",123,$4.85,C299195901,$4.00,$6.00,-0.19,0.18
8225,"BOARD, PRINTED, 6ES5-951-7LD12 POWER",100069,"BOARD, PRINTED, 6ES5-951-7LD12 POWER  SUPPLY 115/230V 5V 7A ITEM 2 SIMATIC  115U HAG T92-119/4 SUB 6ES5-951-7LD11  SIEMENS",172,$4.55,C299195901,$4.00,$6.00,-0.24,0.12
8226,"BOARD, 1, SERIAL COMMUNICATION, SCB1",100069,"BOARD, 1, SERIAL COMMUNICATION, SCB1  #6SE7090-OXX84-0BC0 FOR R3 SIEMENS  INVERTER 6SE7032-6EG20",44,$6.00,C299195901,$4.00,$6.00,0,0.33
8227,BOARD SIEMENS A910001049 500V 72A 40 KVA,100069,"BOARD, 1, MEASUREMENT ITEM 8,  #ME 6055 03 SP 03 SIEMENS INVERTER TYPE  6SE4840-3FB03 SIM0VERT P NR.A910001049  40 KVA 500 VOLTS 72 AMP.",114,$5.20,C299195901,$4.00,$6.00,-0.13,0.23
8228,BOARD SIEMENS A910001049 500V 72A 40 KVA,100069,"BOARD, 2, MEASUREMENT ITEM 8,  #MP 6004 02 SP 05 SIEMENS INVERTER TYPE  6SE4840-3FB03 SIM0VERT P NR.A910001049  40 KVA 500 VOLTS 72 AMP.",53,$5.85,C299195901,$4.00,$6.00,-0.03,0.32
8229,BOARD PRINTED SIMATIC 6ES  5410-7AA11,100071,"BOARD, PRINTED, SIMATIC S5-110A-SYSTEM  DIGITAL OUTPUT MODULE 24VDC 2AMPS 6ES  5410-7AA11 AUTOMATIK ANGEBOT NR 916/82  VOM 12 NOV 82 AUSGANGSBAUSTEIN",128,$4.45,C299195901,$4.00,$6.00,-0.26,0.1
8230,BOARD PRINTED SIMATIC 6ES 5930-7AA31,100071,"BOARD, PRINTED, SIMATIC S5-110A-SYSTEM  POWER SUPPLY 24VDC/5VDC 6ES 5930-7AA31  STROMVERSORGUNGSBAUGRUPPE AUTOMATIK  ANGEBOT NR 916/82",300,$4.90,C299195901,$4.00,$6.00,-0.18,0.18
8231,BOARD PRINTED SIMATIC 6ES5400-7AA13,100071,"BOARD, PRINTED, SIMATIC S5-110A-SYSTEM  DIGITAL INPUT MODULE 24VDC 6ES5400-7AA13  EINGANGSBAUSTEIN AUTOMATIK ANGEBOT NR  916/82 VOM 12 NOV 82",195,$4.70,C299195901,$4.00,$6.00,-0.22,0.15
8232,"BOARD, SOLID STATE TIMER, P/N 2090302,",100049,"BOARD, SOLID STATE TIMER, P/N 2090302,  120 VOLTS AC",64,$4.30,C299195901,$4.00,$6.00,-0.28,0.07
8233,"BOARD, SYSTEMATIC P/N C201, REPLACEMENT",100074,"BOARD, SYSTEMATIC P/N C201, REPLACEMENT  ELECTRONICS FOR C1011 RADIOCON PROBE",148,$5.55,C299195901,$4.00,$6.00,-0.07,0.28
8234,"BOARD, PCB 16 INPUT, TECHTROL #IO-LR161",100076,"BOARD, PCB 16 INPUT, TECHTROL #IO-LR161",82,$5.20,C299195901,$4.00,$6.00,-0.13,0.23
8235,BOARD PCB  8 INPUT  8 OUT TECHTROL,100076,"BOARD, PCB, 8 INPUT, 8 OUT, TECHTROL  P/N IO-LR8180",220,$4.70,C299195901,$4.00,$6.00,-0.22,0.15
8236,BOARD TIMER CHICAGO 435.918,100009,"BOARD, TIMER, P/N 435.918, FOR TA  UNLOADING SYSTEM 3 PRIMARY AND SECONDARY  RECEIVERS, PART OF CHICAGO CONVEYOR  CONTRACT NO/S O 11313-01 ITEMS 104 AND  112, DWG NOS/PART NOS M-430-486 AND  M-430-487, DWG TITLES ARE PRIMARY AND  SECONDARY RECEIVER FILTERS, MODELS  430R-36-145 AND 430R-60-395, MFG BY  FLEX-KLEEN CORP,  FILTER ASSEMBLY SPECIFICATIONS/NOTES,,  FILTER AREA: 145 SQ FT FOR PRIMARY,  395 SQ FT FOR SECONDARY,  BAG LENGTH: 86"" NOMINAL,  FILTER MEDIA: POLYESTER - PTFE COATED,  GROUNDED  BAG CAGE MATERIAL: M.S. - EPOXY COATED",4,$5.95,C299195901,$4.00,$6.00,-0.01,0.33
8237,BOARD PRINTED SIEMENS 6ES5-454-7LA11,100069,"BOARD, PRINTED,6ES5-454-7LA11 16 OUTPUTS  24 VDC ISOLATED IN GROUPS OF 4 ITEM 7  SIMATIC 115 U HAG T92-119/4 SIEMENS",314,$5.80,C299195901,$4.00,$6.00,-0.03,0.31
8238,BOARD PRINTED IDV SIEMENS 6SC9111-2AJ55,100069,"BOARD, PRINTED, IDV SIEMENS ITEM 75/IDV-  PULSE EVALUATION & AMPLIFICATION DIG  SIMOVERT P 200KVA 6SC9111-2AJ55",105,$4.70,C299195901,$4.00,$6.00,-0.22,0.15
8239,BOARD PRINTED POWER SUPPLY SIEMENS,100069,"BOARD, PRINTED,SV 4084 POWER SUPPLY CARD  FOR SIEMENS SIMOVERT P 6SE4706 & 6SE4711  INVERTER W/SOFTWARE #50-2050-27 FOR  SQUARE CANNING NEW #6SE4800-3AN10",79,$4.65,C299195901,$4.00,$6.00,-0.23,0.14
8240,BOARD POWER SUPPLY 03101094000,100089,"BOARD, POWER SUPPLY, YORK 031-01094-000,  FOR YORK CHILLER MOD YCWZ33JJ0 46AB",85,$6.00,C299195901,$4.00,$6.00,0,0.33
8241,BOARD PRINTED YORK-INTL 031-01095002,100089,"BOARD, PRINTED, YORK 031-01095002, FOR  CHILLER, MODEL YCWZ33JJ0-46AB,  SAME AS 031-01095E000REV",53,$5.90,C299195901,$4.00,$6.00,-0.02,0.32
8242,BOARD RELAY YORK-INTL 03101093000,100089,"BOARD, RELAY, YORK 031-01093-000,  FOR CHILLER YCWZ33JJ0-46AB",107,$5.70,C299195901,$4.00,$6.00,-0.05,0.3
8586,HUNKAR PRINTER SIEMENS PLC S2-700,100029,HUNKAR PRINTER SIEMENS PLC S2-700  67-136071,48,$14.25,C991622653,$12.30,$16.35,-0.13,0.14
8587,PLC MICROLOGIX 1100 24VDC 10DI 6RO 2AI,100002,PLC MICROLOGIX 1100 24VDC 10DI 6RO 2AI  ALLEN BRADLEY 1763-L16DWD,289,$14.10,C991622653,$12.30,$16.35,-0.14,0.13
8588,PLC MICROLOGIX AB 1766-L32BXB  1400,100002,PLC MICROLOGIX AB 1763-L32BXB 1400  24VDC 20DI 6RO 6DO ABZ1763L32BXB,271,$12.30,C991622653,$12.30,$16.35,-0.25,0
8589,PLC8 DC OUTPUT CARD PN 25084100,100049,PLC8 DC OUTPUT CARD PN 25084100  8 CHANNEL FOR FLX-128 PELLETRON TRANSFER  SYSTEM CONTROL PANEL DRNG SA-510156,62,$16.35,C991622653,$12.30,$16.35,0,0.25
8737,POWER SOURCE 24V 60W IDEC PS5R-VD24,,"POWER SOURCE 24V 60W IDEC PS5R-VD24  INPUT: 100-240 VAC, OUTPUT: 24V, 2.5A  H: 95MM, W: 36MM, D: 108MM",41,$66.00,C793058918,$66.00,$66.00,0,0
10544,SEAL BALL FISHER PN 13B6686X072,100025,"SEAL BALL FISHER PN 13B6686X072  2"" V150/V200/V300 PTFE/PEEK/MOS2",91,$13.44,C359535480,$10.56,$13.44,0,0.21
10545,SEAL BALL FISHER P/N 33B6676X012,100025,"SEAL BALL FISHER P/N 33B6676X0122,V150-V300 HD METAL SEAL; CF10SMNN",194,$10.56,C359535480,$10.56,$13.44,-0.21,0
10546,SEAL BALL FISHER PN 34B4767X032,100025,SEAL BALL FISHER PN 34B4767X032  ALLOY 6,9,$10.68,C359535480,$10.56,$13.44,-0.21,0.01
10547,SEAL FLAP PREM-PNE 3417-88,100054,"FLAP, DSP-1110 SMALL SEAL UR, P/N  3417-88, FOR RR-3 DILUTE PHASE SILOS  #91 AND #92 ROTARY FEEDERS, MFG BY  AEROLOCK, MODEL HDR-G-G-1110-8NH-2-R,  STACK-UP ASSEMBLIES, PART OF PREMIER  PNEUMATICS JOB NO C0108962",333,$12.12,C359535480,$10.56,$13.44,-0.1,0.13
10548,SEAL FLAP PREM-PNE C0108962,100054,"FLAP, DSP-1110 LARGE SEAL UR, P/N  3417-82, FOR RR-3 DILUTE PHASE SILOS #91  AND #92 ROTARY FEEDERS, MANUFACTURED BY  AEROLOCK MODEL HDR-G-G-1110-8NH-2-R,  STACK-UP ASSEMBLIES, PART OF PREMIER  PNEUMATICS JOB NO C0108962",128,$13.44,C359535480,$10.56,$13.44,0,0.21
10549,PLASTIC TRUCK SEAL STOCK,,PLASTIC TRUCK SEAL STOCK  STANDARD BLUE WITH NUMBER SEQUENCE  USED ON CLEANED TANKS  ,238,$11.28,C359535480,$10.56,$13.44,-0.16,0.06
11834,SWITCH CONTROL COMP BZ-2RW-8405-A2,,SWITCH CONTROL COMP BZ-2RW-8405-A2,17,$230.00,C227418116,$230.00,$230.00,0,0
11959,SWITCH MAGN. 24VDC ONLY DM&E 092-007-18,100015,SWITCH MAGNETICALLY OPERATED 24VDC ONLY DM&E 092-007-18,311,$56.00,C477038200,$44.00,$56.00,0,0.21
11960,SWITCH MAGNETIC VORTEX C/N 2CC4A-SPST,100085,"SWITCH MAGNETIC VORTEX C/N 2CC4A-SPST  REED NORMALLY OPEN NEMA 6 IP67 CSA APPROVED, 24-240 VOLTS  AC 50/60HZ, 3 WIRE TRIAC OUTPUT 4 AMP MAX INDUCTIVE @ 50% DUTY CYCLE 2  AMPS MAX CONTINUOUS, LED INDICATION LIGHT 9 FOOT PVC CABLE",275,$44.00,C477038200,$44.00,$56.00,-0.21,0
11963,SWITCH ETHERNET PHOENIX CN 2891152,100050,SWITCH ETHERNET PHOENIX CN 2891152  UNMANAGED 5 TP RJ45 PORT 10/100 MBPS  AUTOCROSSING SFN,167,"$1,680.00",C717308005,"$1,680.00","$2,300.00",-0.27,0
11964,SWITCH FESTO CORP 03601-6250 40W 220V 2A,100024,"SWITCH, 220V 2A 40W FESTO TYPE SME0-1  BEST #11880 S/N 0490 FOR FESTO  CYBERNETIC #03601-6250 USED ON QUENCH  AIR SYSTEM SM 25-28",198,"$2,300.00",C717308005,"$1,680.00","$2,300.00",0,0.27
12197,50MIL VULKO WRAP 5 ROLL PACK TAPE FOR,100086,50MIL VULKO WRAP 5 ROLL PACK TAPE FOR  MOTOR SPLICING YELLOW 98512D,112,$2.55,C365367448,$2.55,$3.60,-0.29,0
12198,TAPE INSULATION 1/8X2X100' ROLL FIBGL,,TAPE INSULATION 1/8X2X100' ROLL FIBGL,156,$3.60,C365367448,$2.55,$3.60,0,0.29
12199,TAPE FOAM INSULATION PRECISION #IT-30,100053,"TAPE, FOAM INSULATION 30'X2""WIDE X1/8""  PRECISION AIRE #IT-30",54,$2.91,C365367448,$2.55,$3.60,-0.19,0.12
13507,TRANSFORMER CHUGAI 24VAC,100010,"TRANSFORMER, CHUGAI CAMERA, 24 VAC,  40 VOLT AMPS, 115 VAC INPUT,  FOR CCTV SYSTEM",162,$113.00,C982151458,$84.00,$120.00,-0.06,0.26
13508,TRANSFORMER T 30/31 5D 3PH,100028,"TRANSFORMER, 3 PHASE FOR POWER SUPPLY  HERMANN TYP T 30/31 5D-PRIM .3X440V+/-5  PER SEC 24V NR TR9116 FOR AUTOMATIK  GRANULATOR T0.1 PACKAGE #4 AUTOMATIK HAG",109,$100.00,C982151458,$84.00,$120.00,-0.17,0.16
13509,"TRANSFORMER, 24VAC TECHTROL, P/N 691-K2",100076,"TRANSFORMER, 24VAC TECHTROL, P/N 691-K2  LARGE TRANSFORMER",48,$85.00,C982151458,$84.00,$120.00,-0.29,0.01
13510,TRANSFORMER NOVA PN 06-0-39 10V,100044,TRANSFORMER NOVA PN 06-0-39 10V,248,$89.00,C982151458,$84.00,$120.00,-0.26,0.06
13511,TRANSFORMER REVERE 76-1620-005,100059,RT-G1840SL/M,79,$84.00,C982151458,$84.00,$120.00,-0.3,0
13512,"TRANSFORMER, 24VAC, TECHTROL P/N 691-K1",100076,"TRANSFORMER, 24VAC, TECHTROL P/N 691-K1  SMALL TRANSFORMER",113,$120.00,C982151458,$84.00,$120.00,0,0.3
13513,MODULE MEMORY MICROLOGIX AB 1766-MM1,100002,MODULE MEMORY MICROLOGIX AB 1766-MM1  ABZ1766MM1,174,$60.20,C330674067,$60.20,$67.90,-0.11,0
13514,MEMORY CARD SIEMENS 6ES7954-8LL03-0AA0,100069,"MEMORY CARD SIEMENS 6ES7954-8LL03-0AA0  SIMATIC S7-1X100 CPU, 3,3V FLASH  MEMORYCARD 256MB, FLASH EPROM  WRITE/DELETE OPERATIONS 200,000  WIDTH: 24MM, HEIGTH: 32MM, DEPTH: 2.1MM  VALVAN P/N E00007762",103,$67.90,C330674067,$60.20,$67.90,0,0.11
13515,MODULE MEMORY MICROLOGIX AB 1766-MM1,100002,MODULE MEMORY MICROLOGIX AB 1766-MM1  ABZ1766MM1,101,$25.63,C615848753,$25.63,$27.19,-0.06,0
13516,MEMORY CARD SIEMENS 6ES7954-8LL03-0AA0,100069,"MEMORY CARD SIEMENS 6ES7954-8LL03-0AA0  SIMATIC S7-1X100 CPU, 3,3V FLASH  MEMORYCARD 256MB, FLASH EPROM  WRITE/DELETE OPERATIONS 200,000  WIDTH: 24MM, HEIGTH: 32MM, DEPTH: 2.1MM  VALVAN P/N E00007762",230,$27.19,C615848753,$25.63,$27.19,0,0.06
13517,MODULE MEMORY MICROLOGIX AB 1766-MM1,100002,MODULE MEMORY MICROLOGIX AB 1766-MM1  ABZ1766MM1,165,$29.25,C254508626,$25.50,$29.25,0,0.13
13518,MEMORY CARD SIEMENS 6ES7954-8LL03-0AA0,100069,"MEMORY CARD SIEMENS 6ES7954-8LL03-0AA0  SIMATIC S7-1X100 CPU, 3,3V FLASH  MEMORYCARD 256MB, FLASH EPROM  WRITE/DELETE OPERATIONS 200,000  WIDTH: 24MM, HEIGTH: 32MM, DEPTH: 2.1MM  VALVAN P/N E00007762",246,$25.50,C254508626,$25.50,$29.25,-0.13,0
13519,MODULE MEMORY MICROLOGIX AB 1766-MM1,100002,MODULE MEMORY MICROLOGIX AB 1766-MM1  ABZ1766MM1,188,$68.13,C432465317,$54.38,$68.13,0,0.2
13520,MEMORY CARD SIEMENS 6ES7954-8LL03-0AA0,100069,"MEMORY CARD SIEMENS 6ES7954-8LL03-0AA0  SIMATIC S7-1X100 CPU, 3,3V FLASH  MEMORYCARD 256MB, FLASH EPROM  WRITE/DELETE OPERATIONS 200,000  WIDTH: 24MM, HEIGTH: 32MM, DEPTH: 2.1MM  VALVAN P/N E00007762",99,$54.38,C432465317,$54.38,$68.13,-0.2,0
13521,MODULE MEMORY MICROLOGIX AB 1766-MM1,100002,MODULE MEMORY MICROLOGIX AB 1766-MM1  ABZ1766MM1,105,$16.35,C521369586,$14.85,$16.35,0,0.09
13522,MEMORY CARD SIEMENS 6ES7954-8LL03-0AA0,100069,"MEMORY CARD SIEMENS 6ES7954-8LL03-0AA0  SIMATIC S7-1X100 CPU, 3,3V FLASH  MEMORYCARD 256MB, FLASH EPROM  WRITE/DELETE OPERATIONS 200,000  WIDTH: 24MM, HEIGTH: 32MM, DEPTH: 2.1MM  VALVAN P/N E00007762",216,$14.85,C521369586,$14.85,$16.35,-0.09,0
13523,MODULE MEMORY MICROLOGIX AB 1766-MM1,100002,MODULE MEMORY MICROLOGIX AB 1766-MM1  ABZ1766MM1,34,$25.50,C763234716,$24.00,$25.50,0,0.06
13524,MEMORY CARD SIEMENS 6ES7954-8LL03-0AA0,100069,"MEMORY CARD SIEMENS 6ES7954-8LL03-0AA0  SIMATIC S7-1X100 CPU, 3,3V FLASH  MEMORYCARD 256MB, FLASH EPROM  WRITE/DELETE OPERATIONS 200,000  WIDTH: 24MM, HEIGTH: 32MM, DEPTH: 2.1MM  VALVAN P/N E00007762",65,$24.00,C763234716,$24.00,$25.50,-0.06,0
13525,MODULE MEMORY MICROLOGIX AB 1766-MM1,100002,MODULE MEMORY MICROLOGIX AB 1766-MM1  ABZ1766MM1,196,$22.80,C390839499,$16.00,$22.80,0,0.3
13526,MEMORY CARD SIEMENS 6ES7954-8LL03-0AA0,100069,"MEMORY CARD SIEMENS 6ES7954-8LL03-0AA0  SIMATIC S7-1X100 CPU, 3,3V FLASH  MEMORYCARD 256MB, FLASH EPROM  WRITE/DELETE OPERATIONS 200,000  WIDTH: 24MM, HEIGTH: 32MM, DEPTH: 2.1MM  VALVAN P/N E00007762",123,$16.00,C390839499,$16.00,$22.80,-0.3,0
13527,MODULE MEMORY MICROLOGIX AB 1766-MM1,100002,MODULE MEMORY MICROLOGIX AB 1766-MM1  ABZ1766MM1,137,$42.00,C249826420,$41.00,$42.00,0,0.02
13528,MEMORY CARD SIEMENS 6ES7954-8LL03-0AA0,100069,"MEMORY CARD SIEMENS 6ES7954-8LL03-0AA0  SIMATIC S7-1X100 CPU, 3,3V FLASH  MEMORYCARD 256MB, FLASH EPROM  WRITE/DELETE OPERATIONS 200,000  WIDTH: 24MM, HEIGTH: 32MM, DEPTH: 2.1MM  VALVAN P/N E00007762",27,$41.00,C249826420,$41.00,$42.00,-0.02,0
13529,CONNECTOR ALLEN-BR 1771-AF1 FIBER OPTIC,100002,"CONNECTOR, FIBER OPTIC, ALLEN BRADLEY  P/N 1771-AF1",255,$291.00,C573404456,$291.00,$291.00,0,0
13530,CONNECTOR ALLEN-BR 1771-AF1 FIBER OPTIC,100002,"CONNECTOR, FIBER OPTIC, ALLEN BRADLEY  P/N 1771-AF1",83,$540.00,C938586599,$540.00,$540.00,0,0
13531,CONNECTOR ALLEN-BR 1771-AF1 FIBER OPTIC,100002,"CONNECTOR, FIBER OPTIC, ALLEN BRADLEY  P/N 1771-AF1",117,$1.70,C448516712,$1.70,$1.70,0,0
13532,SWITCH CONTROL COMP BZ-2RW-8405-A2,,SWITCH CONTROL COMP BZ-2RW-8405-A2,62,$200.00,C215754791,$200.00,$200.00,0,0
13533,SWITCH CONTROL COMP BZ-2RW-8405-A2,,SWITCH CONTROL COMP BZ-2RW-8405-A2,113,$222.50,C217956882,$222.50,$222.50,0,0
13534,GPU STANDARD PN 6034828 PN 6034828,100090,GPU STANDARD PN 6034828 PN 6034828,101,"$1,890.50",C705884399,"$1,890.50","$1,890.50",0,0
13542,GPU MANAGEMENT KIT,100090,GPU MANAGEMENT KIT,135,$380.00,C705884398,$380.00,$380.00,0,0
13535,GUIDE BLOCK #P-750148-E,100034,"GUIDE, BLOCK, #P-750148-E",349,$27.25,C160512301,$27.25,$27.25,0,0
13536,COMPOUND HEAT SINK KAM  DC340 5 OZ TUBE,100016,COMPOUND HEAT SINK KAM DC340 5 OZ TUBE  DOW CORNING NO SUBSTITUTIONS ACCEPTED,146,$2.02,C631979278,$2.02,$2.02,0,0
13537,BATTERY MODEL AB16 TAYLOR # 318-016-002,100075,"BATTERY MODEL AB16 P/N 318-016-002 3.7VOLT, 4,000MAH,",277,$44.80,C168529262,$44.80,$44.80,0,0
13538,"CHASSIS, 4 SLOT, ALLEN BRADLEY 1746-A5",100002,"CHASSIS, 4 SLOT, ALLEN BRADLEY 1746-A5",54,$122.25,C601873608,$122.25,$122.25,0,0
13539,"CHASSIS, 4 SLOT, ALLEN BRADLEY 1746-A6",100002,"CHASSIS, 4 SLOT, ALLEN BRADLEY 1746-A6",54,$147.60,C601873609,$147.60,$147.60,0,0
13540,"CHASSIS, 4 SLOT, ALLEN BRADLEY 1746-A7",100002,"CHASSIS, 4 SLOT, ALLEN BRADLEY 1746-A7",156,$49.90,C601873610,$49.90,$151.30,-0.67,0
13541,"CHASSIS, 4 SLOT, ALLEN BRADLEY 1746-A8",100002,"CHASSIS, 4 SLOT, ALLEN BRADLEY 1746-A8",38,$151.30,C601873610,$49.90,$151.30,0,0.67